bedrooms,city,date,price,bathrooms,sqft_living,sqft_lot,floors,waterfront,view,condition,sqft_above,sqft_basement,yr_built,yr_renovated,street,statezip,country
5.0,Seattle,2014-05-02 00:00:00,2384000.0,2.5,3650,9050,2.0,0,4,5,3370,280,1921,0,709 W Blaine St,WA 98119,USA
5.0,Seattle,2014-05-02 00:00:00,1200000.0,2.75,2910,9480,1.5,0,0,3,2910,0,1939,1969,3534 46th Ave NE,WA 98105,USA
5.0,Issaquah,2014-05-02 00:00:00,675000.0,2.5,2820,67518,2.0,0,0,3,2820,0,1979,2014,23525 SE 32nd Way,WA 98029,USA
5.0,Bothell,2014-05-02 00:00:00,470000.0,2.5,2210,9655,1.0,0,0,3,1460,750,1976,0,19334 89th Ave NE,WA 98011,USA
5.0,Snoqualmie,2014-05-02 00:00:00,785000.0,3.25,3660,11995,2.0,0,2,3,3660,0,2006,0,7425 Snowberry Ave SE,WA 98065,USA
5.0,Kirkland,2014-05-05 00:00:00,800866.0,2.5,3180,13806,2.0,0,0,4,3180,0,1990,0,11821 NE 48th Pl,WA 98033,USA
5.0,Bellevue,2014-05-05 00:00:00,541125.0,2.75,2740,8426,1.0,0,0,4,1370,1370,1960,2001,5211 116th Pl SE,WA 98006,USA
5.0,Federal Way,2014-05-05 00:00:00,384900.0,2.5,3090,12750,1.0,0,0,3,1750,1340,1968,1997,114 SW 292nd St,WA 98023,USA
5.0,Seattle,2014-05-05 00:00:00,1395000.0,3.5,4010,8510,2.0,0,1,5,2850,1160,1971,0,3930 NE Belvoir Pl,WA 98105,USA
5.0,Seattle,2014-05-05 00:00:00,435000.0,2.0,1840,9240,1.0,0,0,4,1540,300,1942,1958,14013 Ashworth Ave N,WA 98133,USA
5.0,Issaquah,2014-05-05 00:00:00,525888.0,1.75,2550,71874,1.0,0,0,5,1810,740,1960,0,13129 195th Pl SE,WA 98027,USA
5.0,Kirkland,2014-05-05 00:00:00,340000.0,1.0,1120,9022,1.5,0,0,4,1120,0,1962,0,14150 75th Ave NE,WA 98034,USA
5.0,Bellevue,2014-05-05 00:00:00,1030000.0,2.75,3190,16920,1.0,0,3,3,1690,1500,1976,0,4529 135th Ave SE,WA 98006,USA
5.0,Des Moines,2014-05-05 00:00:00,210000.0,2.0,2050,10200,1.0,0,0,3,1430,620,1956,2001,20927-20999 2nd Ave S,WA 98198,USA
5.0,Issaquah,2014-05-05 00:00:00,890000.0,3.5,4490,6000,2.0,0,0,3,3200,1290,2006,0,792 Summerhill Ridge Dr NW,WA 98027,USA
5.0,Seattle,2014-05-06 00:00:00,488000.0,2.0,2020,5000,1.5,0,0,4,2020,0,1938,0,9020-9024 11th Ave NW,WA 98117,USA
5.0,Kirkland,2014-05-06 00:00:00,455000.0,2.5,2240,7770,1.0,0,0,3,1340,900,1978,0,12633 NE 133rd Pl,WA 98034,USA
5.0,Redmond,2014-05-06 00:00:00,562000.0,2.25,3040,8111,2.0,0,0,3,3040,0,1984,0,17649 NE 129th Pl,WA 98052,USA
5.0,Bellevue,2014-05-06 00:00:00,530000.0,2.5,2910,9636,1.0,0,0,4,1690,1220,1964,0,3250 165th Ave SE,WA 98008,USA
5.0,Seattle,2014-05-06 00:00:00,533000.0,2.75,1800,3780,1.5,0,0,3,1400,400,1926,2003,7434 Winona Ave N,WA 98103,USA
5.0,Mercer Island,2014-05-06 00:00:00,1870000.0,4.0,4510,15175,2.0,0,0,3,4510,0,1969,2002,8300 SE 82nd St,WA 98040,USA
5.0,Seattle,2014-05-06 00:00:00,390000.0,3.75,2890,5000,1.0,0,0,3,1310,1580,2006,0,3665 Renton Ave S,WA 98144,USA
5.0,Bellevue,2014-05-06 00:00:00,1800000.0,5.0,4490,10279,2.0,0,0,3,3930,560,2013,1923,1435 104th Ave SE,WA 98004,USA
5.0,Burien,2014-05-07 00:00:00,255000.0,2.25,2060,8632,1.0,0,0,3,1030,1030,1962,2003,105 SW 129th St,WA 98146,USA
5.0,Seattle,2014-05-07 00:00:00,352000.0,2.5,2420,8560,1.0,0,2,3,1620,800,1978,0,3723 S Chicago St,WA 98118,USA
5.0,Woodinville,2014-05-07 00:00:00,900000.0,3.75,4130,226076,2.0,0,0,3,3170,960,1985,0,12809-12907 206th Ave NE,WA 98077,USA
5.0,Seattle,2014-05-07 00:00:00,380000.0,1.75,3000,6000,1.0,0,0,5,1500,1500,1958,0,8514 S 124th St,WA 98178,USA
5.0,Kirkland,2014-05-07 00:00:00,1532500.0,4.5,4270,8076,2.0,0,0,3,3400,870,2007,0,11017 101st Pl NE,WA 98033,USA
5.0,Seattle,2014-05-07 00:00:00,365000.0,2.75,2410,5003,1.0,0,0,3,1410,1000,2008,0,7956 46th Ave S,WA 98118,USA
5.0,Mercer Island,2014-05-08 00:00:00,980000.0,2.5,3160,11470,1.0,0,0,4,1780,1380,1971,0,7401 92nd Pl SE,WA 98040,USA
5.0,Mercer Island,2014-05-08 00:00:00,830000.0,3.0,3040,9601,1.0,0,0,5,1970,1070,1968,0,5200-5298 90th Ave SE,WA 98040,USA
5.0,Kent,2014-05-08 00:00:00,489990.0,2.25,2440,20828,1.5,0,0,4,2440,0,1975,0,13711 SE 251 Pl,WA 98042,USA
5.0,Seattle,2014-05-08 00:00:00,1307000.0,3.25,2800,3200,1.5,0,0,5,1910,890,1932,2002,365 Halladay St,WA 98109,USA
5.0,Issaquah,2014-05-09 00:00:00,532000.0,3.0,3480,57499,1.0,0,0,4,2340,1140,1976,1992,23801 SE 162nd St,WA 98027,USA
5.0,Burien,2014-05-09 00:00:00,315000.0,1.75,2320,8100,1.0,0,0,4,1160,1160,1956,0,439 SW 156th St,WA 98166,USA
5.0,Mercer Island,2014-05-09 00:00:00,1702500.0,4.5,5190,23716,2.0,0,2,3,3390,1800,1987,2000,8608 N Mercer Way,WA 98040,USA
5.0,Issaquah,2014-05-09 00:00:00,2238888.0,6.5,7270,130017,2.0,0,0,3,6420,850,2010,0,7070 270th Pl SE,WA 98029,USA
5.0,Seattle,2014-05-10 00:00:00,549900.0,2.75,3060,7015,1.0,0,0,5,1600,1460,1979,0,10834 31st Ave SW,WA 98146,USA
5.0,Bellevue,2014-05-12 00:00:00,1575000.0,2.75,3650,20150,1.0,0,0,4,2360,1290,1975,0,1216 86th Ave NE,WA 98004,USA
5.0,Seattle,2014-05-12 00:00:00,372500.0,3.0,2480,10090,1.0,0,0,3,1300,1180,2004,2003,5537 S 119th St,WA 98178,USA
5.0,Woodinville,2014-05-12 00:00:00,950000.0,3.0,4530,258746,1.5,0,0,4,3200,1330,2003,0,20325 NE 198th St,WA 98077,USA
5.0,Burien,2014-05-12 00:00:00,330000.0,3.0,2100,7715,1.0,0,0,3,1250,850,2013,1923,1047-1099 S 130th St,WA 98168,USA
5.0,Maple Valley,2014-05-12 00:00:00,302000.0,2.25,2180,7813,2.0,0,0,3,2180,0,1986,0,26405 218th Ave SE,WA 98038,USA
5.0,Clyde Hill,2014-05-12 00:00:00,1346400.0,1.75,3380,20021,1.0,0,0,4,1690,1690,1963,0,9640 NE 32nd St,WA 98004,USA
5.0,Redmond,2014-05-13 00:00:00,819900.0,2.75,3150,7119,2.0,0,0,3,3150,0,2013,1923,8082-8160 142nd Ave NE,WA 98052,USA
5.0,Woodinville,2014-05-13 00:00:00,480000.0,4.75,3830,35000,1.0,0,0,3,2130,1700,1976,0,18125 194th Ave NE,WA 98077,USA
5.0,Kent,2014-05-13 00:00:00,373000.0,2.5,3001,5710,2.0,0,0,3,3001,0,2006,0,25523 123rd Pl SE,WA 98030,USA
5.0,Seattle,2014-05-13 00:00:00,525000.0,3.0,2450,4591,2.0,0,0,3,2450,0,1994,0,7349 24th Ave NW,WA 98117,USA
5.0,Seattle,2014-05-13 00:00:00,245000.0,1.75,2020,7902,1.0,0,0,3,1220,800,1962,2003,10412 Aqua Way S,WA 98168,USA
5.0,Yarrow Point,2014-05-13 00:00:00,1895000.0,2.25,3120,16672,2.0,0,0,4,3120,0,1969,0,9045 NE 40th Pl,WA 98004,USA
5.0,Shoreline,2014-05-13 00:00:00,464000.0,2.5,3400,8970,1.0,0,0,4,1700,1700,1959,0,14700 Burke Ave N,WA 98133,USA
5.0,Redmond,2014-05-13 00:00:00,675000.0,3.0,3410,9600,1.0,0,0,4,1870,1540,1968,0,2830 177th Ave NE,WA 98052,USA
5.0,Bellevue,2014-05-13 00:00:00,580000.0,2.0,2290,7125,1.0,0,0,3,1190,1100,1964,2000,16541 NE 27th Pl,WA 98008,USA
5.0,Mercer Island,2014-05-13 00:00:00,1550000.0,3.25,3370,17458,1.0,0,2,5,2000,1370,1982,0,8126-8196 Forest Ave SE,WA 98040,USA
5.0,Mercer Island,2014-05-13 00:00:00,1400000.0,4.25,3530,7924,2.0,0,0,3,3530,0,2001,0,2278 72nd Ave SE,WA 98040,USA
5.0,Mercer Island,2014-05-13 00:00:00,1680000.0,3.25,4860,23723,2.0,0,2,4,3820,1040,1989,0,9250 SE 36th Pl,WA 98040,USA
5.0,Seattle,2014-05-14 00:00:00,620000.0,2.5,2540,3832,2.0,0,0,5,1760,780,1929,0,7558 32nd Ave NW,WA 98117,USA
5.0,Federal Way,2014-05-14 00:00:00,740000.0,5.0,5774,31675,1.0,0,2,3,4490,1284,1984,0,28511 10th Ave S,WA 98003,USA
5.0,Seattle,2014-05-14 00:00:00,337500.0,2.0,1700,7314,1.0,0,0,3,1000,700,1956,2001,6000-6048 22nd Ave S,WA 98108,USA
5.0,Sammamish,2014-05-14 00:00:00,966000.0,4.5,3810,8019,2.0,0,0,3,3810,0,2008,0,2033 211th Pl SE,WA 98075,USA
5.0,SeaTac,2014-05-14 00:00:00,349950.0,3.0,2257,10117,1.0,0,0,3,1363,894,2005,0,3755 S 168th St,WA 98188,USA
5.0,Seattle,2014-05-14 00:00:00,607500.0,1.75,2220,6000,1.5,0,0,3,1420,800,1923,1998,3047 21st Ave W,WA 98199,USA
5.0,Mercer Island,2014-05-14 00:00:00,955000.0,2.25,2510,9887,2.0,0,0,3,2510,0,1972,2002,7590 86th Ave SE,WA 98040,USA
5.0,Bellevue,2014-05-15 00:00:00,1000000.0,4.25,3920,16258,2.0,0,0,3,2900,1020,1990,2009,2548 111th Ave SE,WA 98004,USA
5.0,Seattle,2014-05-15 00:00:00,585000.0,1.75,2000,3750,2.0,0,0,4,2000,0,1921,0,309 N 46th St,WA 98103,USA
5.0,Issaquah,2014-05-15 00:00:00,765000.0,3.75,3580,14275,2.0,0,0,3,3190,390,1999,0,170 Mt Quay Dr NW,WA 98027,USA
5.0,Newcastle,2014-05-15 00:00:00,819995.0,2.75,3030,10335,2.0,0,0,3,3030,0,2013,1923,8024 117th Pl SE,WA 98056,USA
5.0,Tukwila,2014-05-16 00:00:00,239950.0,1.0,1460,6032,2.0,0,0,4,1460,0,1941,1998,13012 41st Ave S,WA 98168,USA
5.0,Redmond,2014-05-16 00:00:00,725000.0,2.75,2830,5310,2.0,0,0,3,2830,0,2006,0,11931 179th Pl NE,WA 98052,USA
5.0,Covington,2014-05-16 00:00:00,205000.0,1.75,1730,5200,1.0,0,0,4,1050,680,1978,2000,26607 190th Ave SE,WA 98042,USA
5.0,Mercer Island,2014-05-16 00:00:00,2000000.0,4.25,6490,10862,2.0,0,3,4,3940,2550,1991,0,4080 E Mercer Way,WA 98040,USA
5.0,Sammamish,2014-05-16 00:00:00,804995.0,1.5,3360,5402,2.0,0,0,3,3360,0,2014,0,21481 SE 2nd Pl,WA 98074,USA
5.0,Snoqualmie,2014-05-16 00:00:00,675000.0,2.5,3200,6455,2.0,0,0,3,3200,0,2009,0,6227-6299 Whitaker Ln SE,WA 98065,USA
5.0,Enumclaw,2014-05-18 00:00:00,297000.0,2.5,1970,8605,2.0,0,0,4,1970,0,1994,0,419 Wetherbee Ln,WA 98022,USA
5.0,Renton,2014-05-19 00:00:00,290000.0,1.5,2120,7700,1.5,0,0,5,2120,0,1962,0,12611 SE 160th St,WA 98058,USA
5.0,Seattle,2014-05-19 00:00:00,762000.0,2.0,3370,5000,1.5,0,0,4,2140,1230,1907,0,365 Crockett St,WA 98109,USA
5.0,Redmond,2014-05-19 00:00:00,602000.0,1.75,3290,11900,1.5,0,0,3,3290,0,1973,2013,6305 150th Ave NE,WA 98052,USA
5.0,Issaquah,2014-05-19 00:00:00,869000.0,3.25,4180,49222,2.0,0,0,4,2880,1300,1979,0,18524 SE 60th St,WA 98027,USA
5.0,Kenmore,2014-05-19 00:00:00,446000.0,2.75,2190,12687,1.0,0,0,5,1370,820,1978,0,20402 63rd Ave NE,WA 98028,USA
5.0,Bellevue,2014-05-19 00:00:00,462000.0,1.75,1250,10530,1.0,0,0,4,1250,0,1966,0,4 151st Pl NE,WA 98007,USA
5.0,Federal Way,2014-05-19 00:00:00,298450.0,3.0,2100,9752,1.0,0,0,3,1200,900,2007,0,29801-29829 23rd Avenue South,WA 98003,USA
5.0,Renton,2014-05-20 00:00:00,405000.0,2.5,2430,4781,2.0,0,0,3,2430,0,2001,0,16819 SE 171st Pl,WA 98058,USA
5.0,Renton,2014-05-20 00:00:00,499950.0,3.5,3200,43560,2.0,0,0,3,3200,0,1989,0,18460 SE 143rd St,WA 98059,USA
5.0,Sammamish,2014-05-20 00:00:00,598000.0,2.25,2890,12478,2.0,0,0,3,2890,0,1977,2004,2116 Sahalee Dr E,WA 98074,USA
5.0,Seattle,2014-05-20 00:00:00,345600.0,3.5,2800,5120,2.5,0,0,3,2800,0,1903,2005,352 17th Ave,WA 98122,USA
5.0,Seattle,2014-05-20 00:00:00,490000.0,3.5,4460,2975,3.0,0,2,3,3280,1180,2013,1923,1400 10th Ave W,WA 98119,USA
5.0,Seattle,2014-05-21 00:00:00,230000.0,2.0,1930,6120,1.5,0,0,3,1930,0,1941,1969,10645 2nd Ave SW,WA 98146,USA
5.0,Mercer Island,2014-05-21 00:00:00,895000.0,3.0,2876,13927,1.0,0,2,4,1970,906,1973,0,5558 W Mercer Way,WA 98040,USA
5.0,Issaquah,2014-05-21 00:00:00,542500.0,3.25,3010,1074218,1.5,0,0,5,2010,1000,1931,0,16200-16398 252nd Ave SE,WA 98027,USA
5.0,Bellevue,2014-05-21 00:00:00,975000.0,4.0,4850,36450,2.0,0,0,3,4850,0,1977,2004,13600 NE 36th Pl,WA 98005,USA
5.0,Issaquah,2014-05-21 00:00:00,950000.0,3.75,5330,6000,2.0,0,2,3,3570,1760,2006,0,832 Summerhill Ridge Dr NW,WA 98027,USA
5.0,Kirkland,2014-05-21 00:00:00,2700000.0,4.75,5305,8401,2.0,0,2,3,3745,1560,2005,0,1010 6th St W,WA 98033,USA
5.0,Woodinville,2014-05-22 00:00:00,482000.0,2.25,2230,9600,1.0,0,0,3,1320,910,1978,0,16218 195th Pl NE,WA 98077,USA
5.0,Seattle,2014-05-22 00:00:00,300000.0,2.5,2760,6000,2.0,0,0,3,2760,0,2006,0,843 S Rose St,WA 98108,USA
5.0,Seattle,2014-05-22 00:00:00,380000.0,3.5,2420,4670,2.0,0,0,3,2420,0,2013,1923,8803 38th Ave S,WA 98118,USA
5.0,Federal Way,2014-05-23 00:00:00,556000.0,2.5,3840,16905,2.0,0,0,3,3840,0,1991,0,739 SW 337th St,WA 98023,USA
5.0,Bellevue,2014-05-23 00:00:00,950000.0,3.25,3400,7452,2.0,0,0,3,3400,0,1999,0,15251 NE 6th St,WA 98007,USA
5.0,Shoreline,2014-05-23 00:00:00,377691.0,1.75,2120,8399,1.0,0,0,4,1320,800,1942,1982,18318 Meridian Ave N,WA 98133,USA
5.0,Sammamish,2014-05-24 00:00:00,2000000.0,4.0,4580,4443,3.0,1,4,3,4580,0,2004,2003,4277 E Lake Sammamish Shore Ln SE,WA 98075,USA
5.0,Sammamish,2014-05-27 00:00:00,735000.0,2.75,3390,5211,2.0,0,0,3,3390,0,2004,2003,Trossachs Blvd SE,WA 98075,USA
5.0,Kenmore,2014-05-27 00:00:00,389000.0,2.0,2330,10750,1.0,0,0,4,1190,1140,1962,0,14323 73rd Ave NE,WA 98028,USA
5.0,Seattle,2014-05-27 00:00:00,525000.0,3.0,2750,3800,1.5,0,0,5,1750,1000,1926,0,7550 14th Avenue Northeast,WA 98115,USA
5.0,Federal Way,2014-05-27 00:00:00,569950.0,4.5,4850,40902,2.0,0,0,3,4850,0,2001,0,31617 6th Ave SW,WA 98023,USA
5.0,Tukwila,2014-05-27 00:00:00,292050.0,3.0,2840,7199,1.0,0,0,3,1710,1130,2003,0,10719 47th Ave S,WA 98178,USA
5.0,Kirkland,2014-05-27 00:00:00,415000.0,1.5,1900,10226,1.0,0,0,3,1130,770,1961,2004,8605 NE 137th St,WA 98034,USA
5.0,Des Moines,2014-05-27 00:00:00,295832.0,1.0,1410,6400,1.0,0,0,5,960,450,1955,0,20208 1st Pl S,WA 98198,USA
5.0,Sammamish,2014-05-27 00:00:00,960000.0,4.0,3720,15200,2.0,0,0,3,3720,0,2005,0,1414 235th Pl SE,WA 98075,USA
5.0,Mercer Island,2014-05-27 00:00:00,970000.0,3.0,3480,15185,2.0,0,0,4,3480,0,1964,0,3601-3733 Greenbrier Ln,WA 98040,USA
5.0,Kirkland,2014-05-27 00:00:00,1710000.0,4.5,4590,14685,2.0,0,0,3,4590,0,2009,0,6402-6412 105th Ave NE,WA 98033,USA
5.0,Bellevue,2014-05-28 00:00:00,898000.0,1.5,2680,28014,1.0,0,0,4,1450,1230,1963,0,2615 109th Pl NE,WA 98004,USA
5.0,Seattle,2014-05-28 00:00:00,580000.0,2.0,1940,6000,1.0,0,0,5,970,970,1945,0,8026 38th Ave NE,WA 98115,USA
5.0,Seattle,2014-05-29 00:00:00,750500.0,3.0,2170,2440,1.5,0,0,4,1450,720,1911,1966,1006 NE Ravenna Blvd,WA 98105,USA
5.0,Seattle,2014-05-29 00:00:00,550000.0,2.0,2450,9488,1.0,0,0,4,1240,1210,1900,1955,10515 Ashworth Ave N,WA 98133,USA
5.0,Bellevue,2014-05-29 00:00:00,790000.0,3.25,2900,12160,1.0,0,0,4,1890,1010,1967,0,465 129th Pl NE,WA 98005,USA
5.0,Kenmore,2014-05-29 00:00:00,400000.0,2.0,1930,9747,1.0,0,0,4,1020,910,1962,0,20210 78th Pl NE,WA 98028,USA
5.0,Kirkland,2014-05-29 00:00:00,405000.0,1.75,1880,10000,1.0,0,0,3,960,920,1963,2008,10414 NE 131st St,WA 98034,USA
5.0,Duvall,2014-05-29 00:00:00,525000.0,2.5,2630,9216,2.0,0,0,3,2630,0,2003,0,27831 NE 153rd Pl,WA 98019,USA
5.0,Bothell,2014-05-30 00:00:00,458000.0,2.5,3090,23265,1.0,0,0,3,2990,100,1957,2000,9631 NE 198th St,WA 98011,USA
5.0,Bellevue,2014-05-30 00:00:00,1886700.0,3.5,4180,17935,2.0,0,0,3,4180,0,2004,2003,2526 104th Ave SE,WA 98004,USA
5.0,Seattle,2014-05-30 00:00:00,740000.0,3.75,3990,18897,2.0,0,0,3,3090,900,1937,2010,1714 NE Brockman Pl,WA 98125,USA
5.0,Seattle,2014-05-30 00:00:00,427000.0,2.75,2220,4000,1.0,0,0,3,1230,990,1973,2013,3112 21st Ave S,WA 98144,USA
5.0,Sammamish,2014-05-31 00:00:00,538888.0,2.75,2080,13189,2.0,0,0,3,2080,0,1987,2000,23022 NE 21st St,WA 98074,USA
5.0,Bellevue,2014-06-01 00:00:00,1595000.0,3.0,3640,8239,2.0,0,3,3,2540,1100,1982,0,17200 SE 29th Ct,WA 98008,USA
5.0,Mercer Island,2014-06-02 00:00:00,1250000.0,3.25,3160,13238,2.0,0,0,5,3160,0,1972,0,7325 86th Ave SE,WA 98040,USA
5.0,Kent,2014-06-02 00:00:00,320000.0,2.5,3020,21441,1.0,0,0,4,1510,1510,1978,2000,29234 158th Ave SE,WA 98042,USA
5.0,Seattle,2014-06-02 00:00:00,610000.0,2.5,3990,3839,1.0,0,0,4,1990,2000,1962,0,431 26th Ave E,WA 98112,USA
5.0,Seattle,2014-06-03 00:00:00,650000.0,2.75,2550,5040,1.5,0,0,5,2550,0,1902,0,1417 26th Ave,WA 98122,USA
5.0,Shoreline,2014-06-03 00:00:00,941500.0,3.5,3490,9680,2.0,0,4,3,2460,1030,1980,0,20122 Richmond Beach Dr NW,WA 98177,USA
5.0,Kirkland,2014-06-03 00:00:00,449500.0,2.75,2040,7488,1.0,0,0,4,1200,840,1969,0,12610 NE 142nd St,WA 98034,USA
5.0,Vashon,2014-06-03 00:00:00,437000.0,2.0,2120,137565,1.5,0,0,3,2120,0,1913,1983,16633 Westside Hwy SW,WA 98070,USA
5.0,Bellevue,2014-06-03 00:00:00,613000.0,2.5,2070,12000,1.0,0,0,4,1340,730,1967,0,1813 177th Ave NE,WA 98008,USA
5.0,Seattle,2014-06-03 00:00:00,847000.0,1.0,2550,4623,2.5,0,0,4,2550,0,1905,0,805 30th Ave,WA 98122,USA
5.0,Auburn,2014-06-03 00:00:00,309000.0,2.75,2481,4045,2.0,0,0,3,2481,0,2014,0,38071 39th Ave S,WA 98001,USA
5.0,Bellevue,2014-06-04 00:00:00,1270000.0,2.5,3200,17204,1.0,0,0,3,2160,1040,1952,2008,8726 NE 11th St,WA 98004,USA
5.0,Bellevue,2014-06-04 00:00:00,1126000.0,3.5,3880,13885,2.0,0,3,4,2540,1340,1979,0,13800 SE 43rd St,WA 98006,USA
5.0,Seattle,2014-06-04 00:00:00,2400000.0,3.25,3410,9088,2.0,0,3,3,2760,650,1912,1994,309 W Prospect St,WA 98119,USA
5.0,Shoreline,2014-06-04 00:00:00,500000.0,3.0,2920,11440,2.0,0,0,3,2920,0,2003,0,18202 Dayton Ave N,WA 98133,USA
5.0,Bellevue,2014-06-04 00:00:00,565000.0,2.5,2650,11455,1.0,0,0,3,1400,1250,1961,2004,527 171st Pl NE,WA 98008,USA
5.0,Bellevue,2014-06-04 00:00:00,1100000.0,2.75,2660,8737,1.0,0,4,5,1470,1190,1969,0,4435 140th Ave SE,WA 98006,USA
5.0,Renton,2014-06-04 00:00:00,453500.0,2.5,2300,23345,1.0,0,0,5,1170,1130,1967,0,16930 SE 144th St,WA 98059,USA
5.0,Seattle,2014-06-04 00:00:00,989000.0,3.5,3280,4000,2.0,0,0,3,2440,840,2003,0,8309 30th Ave NW,WA 98117,USA
5.0,Renton,2014-06-04 00:00:00,190000.0,2.0,1750,10284,1.0,0,0,4,1750,0,1943,0,1916 Harrington Cir NE,WA 98056,USA
5.0,Kenmore,2014-06-04 00:00:00,545000.0,2.5,2730,17240,1.0,0,0,5,1660,1070,1958,0,18718 56th Ave NE,WA 98028,USA
5.0,Seattle,2014-06-05 00:00:00,875000.0,2.5,2920,5568,2.0,0,0,3,2320,600,1906,2014,747 16th Ave E,WA 98112,USA
5.0,Seattle,2014-06-05 00:00:00,495000.0,3.0,2440,4750,1.0,0,0,3,1450,990,2006,0,5954 24th Ave S,WA 98108,USA
5.0,Snoqualmie,2014-06-05 00:00:00,1075000.0,4.75,5180,17811,2.0,0,2,3,4070,1110,2001,0,6766 Cascade Ave SE,WA 98065,USA
5.0,Kent,2014-06-05 00:00:00,292000.0,2.5,2490,7666,1.0,0,0,4,1490,1000,1989,0,12621 SE 222nd Pl,WA 98031,USA
5.0,Bellevue,2014-06-05 00:00:00,1800000.0,4.5,4400,15580,2.0,0,0,3,3390,1010,2003,0,1404-1418 100th Ave NE,WA 98004,USA
5.0,Kirkland,2014-06-06 00:00:00,525000.0,2.75,2440,8000,1.0,0,0,4,1240,1200,1972,0,12806 NE 141st Ct,WA 98034,USA
5.0,Shoreline,2014-06-06 00:00:00,805000.0,2.5,4600,19831,1.0,0,3,3,2300,2300,1956,2013,18015 15th Ave NW,WA 98177,USA
5.0,Kenmore,2014-06-06 00:00:00,1120000.0,2.75,4400,18500,1.0,0,3,5,2250,2150,1963,0,15530-15998 61st Ave NE,WA 98028,USA
5.0,Seattle,2014-06-06 00:00:00,279000.0,2.5,2690,5557,2.0,0,0,3,2690,0,2012,1912,6421 S 124th St,WA 98178,USA
5.0,Sammamish,2014-06-06 00:00:00,837219.0,2.75,3030,7679,2.0,0,0,3,3030,0,2014,0,1855-1899 212th Ave SE,WA 98075,USA
5.0,Bothell,2014-06-08 00:00:00,540000.0,3.0,2870,4369,2.0,0,0,3,2090,780,2007,0,11175 NE 162nd St,WA 98011,USA
5.0,Bellevue,2014-06-09 00:00:00,1635000.0,3.5,4220,26784,1.0,0,0,3,2110,2110,1958,2006,400 Detwiller Ln,WA 98004,USA
5.0,Enumclaw,2014-06-09 00:00:00,250000.0,1.5,2520,5753,1.5,0,0,4,1510,1010,1928,0,2134 Montgomery Ave,WA 98022,USA
5.0,Kirkland,2014-06-10 00:00:00,1025000.0,4.0,3760,28040,2.0,0,0,3,3760,0,1983,2009,4143 118th Ave NE,WA 98033,USA
5.0,Lake Forest Park,2014-06-10 00:00:00,569000.0,3.0,3670,10583,1.0,0,0,5,2060,1610,1952,1998,5011 NE 180th St,WA 98155,USA
5.0,Fall City,2014-06-10 00:00:00,435000.0,2.25,1970,15247,1.0,0,0,3,1450,520,1986,0,4309 327th Pl SE,WA 98024,USA
5.0,Seattle,2014-06-10 00:00:00,1240000.0,3.0,2830,7500,2.0,0,0,3,2460,370,1923,1998,4007 48th Ave NE,WA 98105,USA
5.0,Mercer Island,2014-06-10 00:00:00,1795000.0,3.25,5270,17232,2.0,0,1,3,4010,1260,1977,2003,5355 84th Pl SE,WA 98040,USA
5.0,Bellevue,2014-06-10 00:00:00,895000.0,2.5,2550,20875,1.0,0,0,4,1610,940,1953,1983,11034 NE 26th Pl,WA 98004,USA
5.0,Kirkland,2014-06-10 00:00:00,750000.0,3.25,2750,7500,2.0,0,1,3,2150,600,1937,1997,10237 NE 64th St,WA 98033,USA
5.0,Kirkland,2014-06-10 00:00:00,1180000.0,3.75,3630,6000,1.5,0,0,3,2470,1160,2004,2003,810 5th St,WA 98033,USA
5.0,Seattle,2014-06-10 00:00:00,700000.0,2.75,3100,9825,2.0,0,2,4,3100,0,1950,1982,4251 NE 125th St,WA 98125,USA
5.0,Federal Way,2014-06-10 00:00:00,480000.0,2.5,2732,9500,1.0,0,2,4,1870,862,1975,0,1006 S 286th Pl,WA 98003,USA
5.0,Seattle,2014-06-10 00:00:00,1059500.0,3.25,3230,3825,2.0,0,0,3,2480,750,2014,0,6729 Earl Ave NW,WA 98117,USA
5.0,Renton,2014-06-10 00:00:00,525000.0,2.75,2880,8364,2.0,0,0,3,2880,0,2006,0,407 Kitsap Ave NE,WA 98059,USA
5.0,SeaTac,2014-06-11 00:00:00,248000.0,1.5,1510,9078,1.0,0,0,4,1510,0,1959,0,2052 S 132nd St,WA 98168,USA
5.0,Bellevue,2014-06-11 00:00:00,7062500.0,4.5,10040,37325,2.0,1,2,3,7680,2360,1940,2001,4442 95th Ave NE,WA 98004,USA
5.0,Seattle,2014-06-11 00:00:00,295000.0,3.5,2100,5107,2.0,0,0,3,1410,690,1999,0,10026 61st Ave S,WA 98178,USA
5.0,Seattle,2014-06-11 00:00:00,1085000.0,2.5,2340,6000,2.0,0,0,4,2340,0,1922,0,3107 37th Pl S,WA 98144,USA
5.0,Seattle,2014-06-11 00:00:00,2888000.0,6.25,8670,64033,2.0,0,4,3,6120,2550,1965,2003,1291 NW Elford Dr,WA 98177,USA
5.0,Bellevue,2014-06-11 00:00:00,1365000.0,3.5,4210,17258,2.0,0,3,3,4210,0,1995,0,5564 169th Pl SE,WA 98006,USA
5.0,Issaquah,2014-06-11 00:00:00,535000.0,2.25,2520,49222,2.0,0,0,4,2520,0,1978,2000,20645 SE 123rd St,WA 98027,USA
5.0,Seattle,2014-06-11 00:00:00,881000.0,3.0,2510,4125,1.5,0,3,5,1590,920,1925,0,540 33rd Ave S,WA 98144,USA
5.0,Clyde Hill,2014-06-12 00:00:00,1325000.0,2.25,3200,20158,1.0,0,0,3,1600,1600,1965,1993,2154-2398 94th Ave NE,WA 98004,USA
5.0,Shoreline,2014-06-12 00:00:00,465250.0,2.0,1940,7642,1.5,0,0,3,1940,0,1957,2000,20028 18th Ave NW,WA 98177,USA
5.0,Seattle,2014-06-12 00:00:00,2250000.0,4.25,4860,9453,1.5,0,1,5,3100,1760,1905,0,173 37th Ave E,WA 98112,USA
5.0,Seattle,2014-06-12 00:00:00,580000.0,2.0,2060,6000,2.0,0,0,3,2060,0,1903,2005,2107 NE 55th St,WA 98105,USA
5.0,Seattle,2014-06-12 00:00:00,599000.0,2.75,2820,4608,1.0,0,0,3,1450,1370,1967,2011,306 NW 82nd St,WA 98117,USA
5.0,Seattle,2014-06-12 00:00:00,445000.0,1.75,2460,6846,1.5,0,0,5,1340,1120,1911,1984,6444 Carleton Ave S,WA 98108,USA
5.0,Renton,2014-06-12 00:00:00,498500.0,2.75,2990,7420,2.0,0,0,3,2990,0,1996,0,4304 NE 7th St,WA 98059,USA
5.0,Seattle,2014-06-12 00:00:00,310000.0,3.0,1880,5000,1.0,0,0,3,1100,780,1997,0,6343 23rd Ave SW,WA 98106,USA
5.0,Redmond,2014-06-12 00:00:00,1240000.0,4.0,4410,14380,2.0,0,0,3,4410,0,2006,0,16416 NE 40th St,WA 98052,USA
5.0,Seattle,2014-06-13 00:00:00,822500.0,3.5,2320,4960,2.0,0,0,5,1720,600,1926,0,512 N 65th St,WA 98103,USA
5.0,Seattle,2014-06-13 00:00:00,1335000.0,2.25,4200,5800,2.5,0,0,4,2910,1290,1906,1990,1024 15th Ave E,WA 98112,USA
5.0,Woodinville,2014-06-13 00:00:00,622500.0,2.75,3320,23760,2.0,0,0,4,2190,1130,1975,0,14523 NE 169th St,WA 98072,USA
5.0,Mercer Island,2014-06-13 00:00:00,975000.0,2.75,3100,10014,1.0,0,2,4,1660,1440,1973,0,9340 Mercerwood Dr,WA 98040,USA
5.0,Seattle,2014-06-13 00:00:00,910000.0,2.5,2350,4000,2.0,0,0,3,2350,0,1993,0,2807 E Aloha St,WA 98112,USA
5.0,Seattle,2014-06-13 00:00:00,1120000.0,1.5,2540,6660,2.0,0,3,4,2340,200,1954,1979,9827 47th Ave SW,WA 98136,USA
5.0,Bellevue,2014-06-13 00:00:00,725000.0,2.5,3210,12000,1.0,0,0,4,1830,1380,1968,0,14404 NE 11th Pl,WA 98007,USA
5.0,Maple Valley,2014-06-13 00:00:00,540000.0,3.0,3610,9775,2.0,0,0,3,3610,0,2003,0,24760 SE 276th Pl,WA 98038,USA
5.0,Issaquah,2014-06-14 00:00:00,850000.0,2.75,2920,11880,1.0,0,0,5,1660,1260,1968,0,1498 Hillside Dr SE,WA 98027,USA
5.0,Bellevue,2014-06-15 00:00:00,506000.0,3.0,2430,8000,1.0,0,0,4,1370,1060,1957,2001,16437 SE 8th St,WA 98008,USA
5.0,Seattle,2014-06-16 00:00:00,300000.0,3.0,1940,6355,1.0,0,0,3,1200,740,2007,0,11720 8th Ave S,WA 98168,USA
5.0,Redmond,2014-06-16 00:00:00,632500.0,2.5,2640,7096,2.0,0,0,3,2640,0,2003,0,9181 226th Pl NE,WA 98053,USA
5.0,Seattle,2014-06-16 00:00:00,378000.0,2.5,2760,8015,1.0,0,0,4,1600,1160,1960,2001,13327 30th Ave NE,WA 98125,USA
5.0,Renton,2014-06-16 00:00:00,429000.0,2.5,2340,4500,2.0,0,0,3,2340,0,2009,0,526 Elma Pl NE,WA 98059,USA
5.0,Duvall,2014-06-16 00:00:00,492500.0,2.5,2570,9962,2.0,0,0,3,2570,0,2006,0,14206 284th Pl NE,WA 98019,USA
5.0,Redmond,2014-06-17 00:00:00,837700.0,2.75,3010,12611,2.0,0,0,3,3010,0,1994,0,10717 179th Ct NE,WA 98052,USA
5.0,Seattle,2014-06-17 00:00:00,560000.0,1.0,1710,9100,1.5,0,0,4,1320,390,1926,1993,7226 36th Ave SW,WA 98126,USA
5.0,Bellevue,2014-06-17 00:00:00,866059.0,3.5,3130,4797,2.0,0,0,3,2570,560,2014,0,15845 SE 44th Ct,WA 98006,USA
5.0,Seattle,2014-06-17 00:00:00,379900.0,3.5,2800,7350,2.0,0,0,3,2800,0,1995,0,8430 8th Ave SW,WA 98106,USA
5.0,Mercer Island,2014-06-17 00:00:00,4668000.0,6.75,9640,13068,1.0,1,4,3,4820,4820,1983,2009,5044 Butterworth Rd,WA 98040,USA
5.0,Bellevue,2014-06-17 00:00:00,580000.0,2.0,2700,10875,1.0,0,0,4,1540,1160,1962,0,620 151st Pl NE,WA 98007,USA
5.0,Normandy Park,2014-06-18 00:00:00,403500.0,2.5,3600,17300,1.0,0,0,4,2410,1190,1968,0,427 SW 174th St,WA 98166,USA
5.0,Seattle,2014-06-18 00:00:00,646000.0,2.75,2870,4461,1.0,0,0,3,1650,1220,1976,0,6316 26th Ave NW,WA 98107,USA
5.0,Auburn,2014-06-18 00:00:00,507000.0,3.25,3850,16249,2.0,0,2,3,3030,820,2002,0,12975-12983 SE 301st St,WA 98092,USA
5.0,Seattle,2014-06-18 00:00:00,650000.0,1.75,1260,4500,1.5,0,0,3,1260,0,1926,2003,830 W Armour St,WA 98119,USA
5.0,Duvall,2014-06-18 00:00:00,562000.0,3.0,2795,15101,2.0,0,0,3,2795,0,1996,0,14308 274th Pl NE,WA 98019,USA
5.0,Kent,2014-06-18 00:00:00,279950.0,1.75,2150,7171,1.0,0,0,4,1460,690,1970,0,23103 125th Ave SE,WA 98031,USA
5.0,Kirkland,2014-06-18 00:00:00,850000.0,3.5,3450,28324,1.0,0,0,5,2350,1100,1972,0,11010 108th Ave NE,WA 98033,USA
5.0,Shoreline,2014-06-18 00:00:00,469000.0,2.5,2240,7543,1.0,0,0,3,1140,1100,1966,1963,20216 12th Ave NW,WA 98177,USA
5.0,Kent,2014-06-18 00:00:00,568450.0,3.5,3260,58806,2.0,0,0,4,3260,0,1969,0,25806 136th Ave SE,WA 98042,USA
5.0,Issaquah,2014-06-18 00:00:00,574950.0,3.25,3160,10000,2.0,0,0,4,3160,0,1980,0,1010 Greenwood Blvd SW,WA 98027,USA
5.0,Sammamish,2014-06-18 00:00:00,615000.0,2.25,2480,12070,2.0,0,0,3,2480,0,1978,0,2206 Sahalee Dr E,WA 98074,USA
5.0,Lake Forest Park,2014-06-18 00:00:00,554000.0,2.25,1870,11411,1.0,0,0,4,1170,700,1961,2001,15871 37th Ave NE,WA 98155,USA
5.0,Renton,2014-06-18 00:00:00,299000.0,2.5,2220,9360,1.0,0,0,4,1110,1110,1968,0,18820 129th Pl SE,WA 98058,USA
5.0,Issaquah,2014-06-19 00:00:00,2200000.0,4.75,5990,10450,2.0,1,4,3,4050,1940,2002,0,5170 NW Sammamish Rd,WA 98027,USA
5.0,Burien,2014-06-19 00:00:00,540500.0,3.75,3090,7415,2.0,0,0,3,3090,0,2014,0,493 S 187th Ln,WA 98148,USA
5.0,Newcastle,2014-06-19 00:00:00,1068000.0,3.5,3990,9938,2.0,0,0,3,3990,0,2001,0,13828 SE 92nd St,WA 98059,USA
5.0,Mercer Island,2014-06-19 00:00:00,1815000.0,3.0,3880,13000,2.0,0,0,3,3880,0,1972,2003,7845 SE 62nd St,WA 98040,USA
5.0,Seattle,2014-06-19 00:00:00,930000.0,2.0,3530,9385,1.5,0,0,3,3530,0,1925,2002,2833 Cascadia Ave S,WA 98144,USA
5.0,Seattle,2014-06-20 00:00:00,547000.0,2.5,2200,4080,1.5,0,0,5,1420,780,1916,0,8007 Fremont Ave N,WA 98103,USA
5.0,Bothell,2014-06-20 00:00:00,436500.0,3.0,3110,12429,1.0,0,0,3,1790,1320,1977,2004,16021-16299 Waynita Way NE,WA 98011,USA
5.0,Bellevue,2014-06-20 00:00:00,681500.0,2.75,3260,11700,1.0,0,0,3,1630,1630,1964,2000,17813 NE 8th Pl,WA 98008,USA
5.0,Seattle,2014-06-20 00:00:00,1300000.0,4.0,3366,7800,2.5,0,2,3,2966,400,1937,1999,2617 W Barrett St,WA 98199,USA
5.0,Seattle,2014-06-20 00:00:00,1462497.0,3.25,3840,4800,3.0,0,3,3,2750,1090,2008,0,1116 33rd Ave S,WA 98144,USA
5.0,Shoreline,2014-06-20 00:00:00,420000.0,2.75,2280,10319,1.0,0,0,3,1300,980,1959,1989,504 NW 175th Ct,WA 98177,USA
5.0,Bellevue,2014-06-20 00:00:00,830000.0,2.25,2780,10192,2.0,0,0,4,2780,0,1978,2000,14111 NE 4th St,WA 98007,USA
5.0,Renton,2014-06-20 00:00:00,359900.0,2.25,2290,7420,1.0,0,0,3,1290,1000,1973,2013,13038 SE 184th Pl,WA 98058,USA
5.0,Renton,2014-06-20 00:00:00,420000.0,3.0,2630,3149,2.0,0,0,3,1670,960,2013,1923,3608 NE Sunset Blvd,WA 98056,USA
5.0,Seattle,2014-06-23 00:00:00,615000.0,2.0,2130,4180,1.5,0,0,5,1270,860,1926,0,3220 44th Ave SW,WA 98116,USA
5.0,Des Moines,2014-06-23 00:00:00,199950.0,2.5,1740,8750,1.0,0,0,4,1740,0,1959,0,23459 27th Ave S,WA 98198,USA
5.0,Woodinville,2014-06-23 00:00:00,831500.0,2.5,4470,35124,2.5,0,0,3,4470,0,1984,0,15002 191st Ave NE,WA 98072,USA
5.0,Bellevue,2014-06-23 00:00:00,905000.0,3.5,3500,10155,2.0,0,0,3,2570,930,1996,0,15563 SE 67th Pl,WA 98006,USA
5.0,Seattle,2014-06-23 00:00:00,664950.0,3.0,3190,7081,1.0,0,2,3,1890,1300,2013,1923,7528 S Laurel St,WA 98178,USA
5.0,Seattle,2014-06-23 00:00:00,515000.0,3.25,2910,5027,2.0,0,0,3,2040,870,2013,1923,1920C SW Brandon St,WA 98106,USA
5.0,Federal Way,2014-06-23 00:00:00,312891.0,3.0,2300,8214,2.0,0,0,3,2300,0,2013,1923,33027 47th Pl S,WA 98001,USA
5.0,Seattle,2014-06-24 00:00:00,2466350.0,4.75,6390,13180,2.0,0,0,3,4560,1830,1940,1996,1239 Parkside Dr E,WA 98112,USA
5.0,Seattle,2014-06-24 00:00:00,317000.0,2.5,2360,11375,1.0,0,0,4,1180,1180,1962,0,6277-6399 S 129th St,WA 98178,USA
5.0,Sammamish,2014-06-24 00:00:00,599000.0,2.75,2730,22572,1.0,0,0,3,2080,650,1968,1992,22631 SE 18th Pl,WA 98075,USA
5.0,Redmond,2014-06-25 00:00:00,739900.0,2.5,2980,5377,2.0,0,0,3,2980,0,2006,0,11931 179th Pl NE,WA 98052,USA
5.0,Bellevue,2014-06-25 00:00:00,905000.0,3.5,3100,10200,1.0,0,4,3,1660,1440,1970,2014,408 172nd Pl NE,WA 98008,USA
5.0,Renton,2014-06-25 00:00:00,589950.0,3.0,2790,19439,1.0,0,3,5,1500,1290,1973,0,18823 SE 216th St,WA 98058,USA
5.0,Seattle,2014-06-25 00:00:00,690500.0,2.0,2000,4211,1.5,0,2,4,1280,720,1908,0,2406 E Helen St,WA 98112,USA
5.0,Seattle,2014-06-25 00:00:00,860000.0,3.25,4500,9648,2.0,0,4,4,3000,1500,1968,0,4209 NE 135th St,WA 98125,USA
5.0,Bellevue,2014-06-25 00:00:00,530000.0,2.25,2140,7910,1.0,0,0,3,1070,1070,1962,2003,227 152nd Pl SE,WA 98007,USA
5.0,Bellevue,2014-06-25 00:00:00,1700000.0,3.5,5850,22885,2.0,0,2,4,4670,1180,1978,2000,9625-9701 SE 5th St,WA 98004,USA
5.0,Bellevue,2014-06-25 00:00:00,744500.0,2.5,2700,16570,1.0,0,0,4,1750,950,1967,0,428 129th Pl NE,WA 98005,USA
5.0,Bellevue,2014-06-25 00:00:00,913888.0,2.25,2370,15512,2.0,0,0,4,2370,0,1981,0,14207 SE 52nd Pl,WA 98006,USA
5.0,Seattle,2014-06-25 00:00:00,957000.0,3.25,3160,5000,2.0,0,2,3,2180,980,2005,0,3700 W Fulton St,WA 98199,USA
5.0,Bellevue,2014-06-25 00:00:00,625000.0,2.5,2700,21208,1.0,0,0,4,1950,750,1955,2009,13987 SE 2nd St,WA 98005,USA
5.0,Pacific,2014-06-25 00:00:00,260000.0,2.5,2025,7760,2.0,0,0,3,2025,0,2007,0,122 Greenlake Pl,WA 98047,USA
5.0,Seattle,2014-06-25 00:00:00,975000.0,3.0,2620,5477,2.0,0,0,3,2620,0,2009,0,3655 NE 73rd St,WA 98115,USA
5.0,Seattle,2014-06-26 00:00:00,690000.0,3.5,2720,7598,2.0,0,0,3,1860,860,1993,0,8921 42nd Ave NE,WA 98115,USA
5.0,Auburn,2014-06-26 00:00:00,254000.0,2.0,2080,16117,1.0,0,0,5,1740,340,1959,0,28830 34th Ave S,WA 98001,USA
5.0,Des Moines,2014-06-26 00:00:00,575000.0,3.0,3690,49709,1.0,0,2,3,2690,1000,1960,2012,23444 10th Ave S,WA 98198,USA
5.0,Maple Valley,2014-06-26 00:00:00,555000.0,3.0,3640,6930,2.0,0,0,3,3640,0,2004,2003,24709 SE 278th St,WA 98038,USA
5.0,Seattle,2014-06-26 00:00:00,1990000.0,3.0,4480,5000,2.5,0,0,5,3420,1060,1902,0,923 14th Ave E,WA 98112,USA
5.0,Burien,2014-06-26 00:00:00,365000.0,2.0,2280,19000,1.5,0,0,3,2280,0,1924,2011,14937 20th Ave SW,WA 98166,USA
5.0,Kirkland,2014-06-26 00:00:00,451000.0,2.75,2830,8925,1.5,0,0,3,2830,0,1967,2011,12112 NE 143rd Pl,WA 98034,USA
5.0,Des Moines,2014-06-26 00:00:00,235000.0,2.5,2500,9583,1.0,0,0,3,1300,1200,1979,2014,1630 S 231st Pl,WA 98198,USA
5.0,Burien,2014-06-26 00:00:00,359000.0,1.75,1940,6654,1.5,0,0,4,1940,0,1953,1983,15212 20th Ave SW,WA 98166,USA
5.0,Auburn,2014-06-27 00:00:00,327000.0,2.75,2400,8050,2.0,0,0,3,2400,0,1998,2006,5020 Quincy Ave SE,WA 98092,USA
5.0,Renton,2014-06-27 00:00:00,350000.0,1.75,2330,14322,1.0,0,0,4,1180,1150,1968,0,13826 SE 141st St,WA 98059,USA
5.0,Redmond,2014-06-27 00:00:00,661500.0,2.5,2500,7200,1.0,0,0,4,1490,1010,1977,0,16426 NE 107th Pl,WA 98052,USA
5.0,Mercer Island,2014-06-27 00:00:00,1195000.0,2.75,3650,13297,2.0,0,0,5,2750,900,1969,0,5912 83rd Pl SE,WA 98040,USA
5.0,Lake Forest Park,2014-06-27 00:00:00,755000.0,2.5,3260,24300,1.5,0,1,4,2310,950,1950,1983,5121 NE 180th St,WA 98155,USA
5.0,Seattle,2014-06-27 00:00:00,523460.0,1.75,1890,5000,1.5,0,0,3,1090,800,1906,2014,1126 NW 58th St,WA 98107,USA
5.0,Seattle,2014-06-27 00:00:00,397000.0,1.0,1170,6757,1.0,0,0,4,800,370,1944,0,14327 24th Ave NE,WA 98125,USA
5.0,Seattle,2014-06-28 00:00:00,585000.0,2.5,2670,16777,1.5,0,0,4,1620,1050,1920,0,2500 NE 100th St,WA 98125,USA
5.0,Seattle,2014-06-29 00:00:00,325000.0,2.75,2130,6222,1.0,0,0,3,1300,830,1991,0,4443 S Camano Pl,WA 98118,USA
5.0,Seattle,2014-06-30 00:00:00,1925000.0,4.25,4830,8050,2.5,0,2,4,3710,1120,1914,1945,2653 Cascadia Ave S,WA 98144,USA
5.0,Seattle,2014-06-30 00:00:00,408000.0,3.25,2820,6589,1.5,0,0,3,2320,500,1906,2014,7403 48th Ave S,WA 98118,USA
5.0,Mercer Island,2014-06-30 00:00:00,1730000.0,3.5,5000,26540,2.0,0,3,3,3410,1590,2008,0,4419 Ferncroft Rd,WA 98040,USA
5.0,Seattle,2014-06-30 00:00:00,765000.0,3.0,2870,5700,1.0,0,0,3,1950,920,1964,2000,4520 Sunnyside Ave N,WA 98103,USA
5.0,Mercer Island,2014-06-30 00:00:00,1510000.0,3.25,4390,11250,2.0,0,0,3,4390,0,2007,0,8442 SE 36th St,WA 98040,USA
5.0,Sammamish,2014-07-01 00:00:00,875000.0,3.5,3840,8279,2.0,0,0,3,3840,0,2001,0,21033 SE 5th St,WA 98074,USA
5.0,Clyde Hill,2014-07-01 00:00:00,3800000.0,5.5,7050,42840,1.0,0,2,4,4320,2730,1978,2000,1365 91st Ave NE,WA 98004,USA
5.0,Sammamish,2014-07-01 00:00:00,739900.0,2.5,3290,5029,2.0,0,0,3,3290,0,2004,2003,3602 212th Pl SE,WA 98075,USA
5.0,Seattle,2014-07-01 00:00:00,600000.0,2.25,2980,7781,1.0,0,0,3,1580,1400,1960,2012,4531 NE 106th St,WA 98125,USA
5.0,Seattle,2014-07-01 00:00:00,1110000.0,3.25,3350,4000,2.0,0,0,4,2510,840,1997,0,4776 34th Ave NE,WA 98105,USA
5.0,Des Moines,2014-07-01 00:00:00,392000.0,2.25,3740,32481,1.5,0,0,3,2240,1500,1958,2004,22835 16th Ave S,WA 98198,USA
5.0,Snoqualmie,2014-07-01 00:00:00,925000.0,5.5,5190,12637,2.0,0,2,3,5190,0,2001,0,6525 Cascade Ave SE,WA 98065,USA
5.0,Issaquah,2014-07-01 00:00:00,500000.0,3.25,3130,12087,2.0,0,0,3,2180,950,1975,0,265 Almak Ct NW,WA 98027,USA
5.0,Bellevue,2014-07-02 00:00:00,675000.0,2.25,2900,10300,1.0,0,0,3,1450,1450,1985,0,14301-14399 SE 63rd St,WA 98006,USA
5.0,Bellevue,2014-07-02 00:00:00,851000.0,3.25,3760,9792,2.0,0,0,3,2550,1210,1984,0,4412 170th Ave SE,WA 98006,USA
5.0,Normandy Park,2014-07-02 00:00:00,519000.0,2.25,2570,13054,1.0,0,1,3,1470,1100,1950,1992,1316 SW 172nd St,WA 98166,USA
5.0,Kent,2014-07-02 00:00:00,345000.0,2.5,2450,6994,2.0,0,0,3,2450,0,2002,0,11207 SE 272nd Pl,WA 98030,USA
5.0,Seattle,2014-07-02 00:00:00,185000.0,1.0,1590,6700,1.5,0,0,3,1090,500,1942,1999,10626 12th Ave SW,WA 98146,USA
5.0,Redmond,2014-07-02 00:00:00,600000.0,2.0,2190,9072,1.0,0,0,5,1110,1080,1965,0,14314 NE 72nd St,WA 98052,USA
5.0,Snoqualmie,2014-07-02 00:00:00,480000.0,2.5,2160,7737,2.0,0,0,3,2160,0,1998,2006,7001 Autumn Ave SE,WA 98065,USA
5.0,Seattle,2014-07-02 00:00:00,660500.0,2.5,2950,5500,1.5,0,0,5,1720,1230,1918,0,2739 31st Ave S,WA 98144,USA
5.0,Seattle,2014-07-02 00:00:00,262000.0,1.0,1870,7800,1.0,0,0,3,1580,290,1962,2003,903 S 101st St,WA 98168,USA
5.0,Auburn,2014-07-03 00:00:00,285000.0,2.5,2270,6300,2.0,0,0,3,2270,0,1995,0,12840 SE 307th Pl,WA 98092,USA
5.0,Mercer Island,2014-07-03 00:00:00,1195000.0,3.0,3420,18129,2.0,0,0,3,2540,880,1952,2005,7657-7801 E Mercer Way,WA 98040,USA
5.0,Seattle,2014-07-03 00:00:00,588000.0,3.0,2190,4900,2.0,0,0,5,1490,700,1940,0,8314 Jones Ave NW,WA 98117,USA
5.0,Burien,2014-07-03 00:00:00,395000.0,1.75,1840,10453,1.0,0,2,3,1360,480,1948,1994,2716 SW 170th St,WA 98166,USA
5.0,Kirkland,2014-07-03 00:00:00,1150000.0,2.5,3580,8921,2.0,0,0,3,3580,0,2000,0,409 20th Ave,WA 98033,USA
5.0,Redmond,2014-07-03 00:00:00,600000.0,2.25,3000,13899,2.0,0,0,4,3000,0,1975,0,17612 NE 30th Pl,WA 98052,USA
5.0,Bothell,2014-07-03 00:00:00,515000.0,3.25,2740,9629,1.0,0,0,5,1390,1350,1977,0,10723 NE 189th St,WA 98011,USA
5.0,Redmond,2014-07-07 00:00:00,861990.0,2.75,3595,5639,2.0,0,0,3,3595,0,2014,0,9622 242nd Way NE,WA 98053,USA
5.0,Seattle,2014-07-07 00:00:00,443000.0,1.75,1650,3000,1.5,0,0,3,1650,0,1902,0,814 20th Ave S,WA 98144,USA
5.0,Kirkland,2014-07-07 00:00:00,475000.0,2.5,2510,8050,1.0,0,0,4,1490,1020,1977,0,12608 NE 134th Pl,WA 98034,USA
5.0,Snoqualmie,2014-07-07 00:00:00,670000.0,2.5,2860,68519,2.0,0,0,5,2860,0,1958,0,37927 SE 82nd Pl,WA 98065,USA
5.0,Kirkland,2014-07-07 00:00:00,665000.0,2.0,2800,17788,1.0,0,0,4,1400,1400,1963,0,7502 132nd Ave NE,WA 98033,USA
5.0,Bellevue,2014-07-08 00:00:00,527700.0,2.5,2820,9375,1.0,0,0,4,1550,1270,1968,0,15910 SE 42nd Pl,WA 98006,USA
5.0,Redmond,2014-07-08 00:00:00,695500.0,2.75,2510,9180,1.0,0,1,4,1600,910,1975,0,3312 181st Pl NE,WA 98052,USA
5.0,Federal Way,2014-07-08 00:00:00,235500.0,2.5,2340,13713,1.0,0,0,2,1670,670,1967,0,30221 8th Ave S,WA 98003,USA
5.0,Seattle,2014-07-08 00:00:00,362000.0,3.0,1810,3000,2.0,0,0,3,1810,0,1998,2006,4519 33rd Ave S,WA 98118,USA
5.0,Seattle,2014-07-08 00:00:00,970000.0,2.75,3500,5040,2.0,0,2,3,2950,550,1927,2007,5433 37th Ave SW,WA 98126,USA
5.0,Renton,2014-07-08 00:00:00,1135250.0,4.0,7320,217800,2.0,0,0,3,7320,0,1992,0,19100 SE 174th St,WA 98058,USA
5.0,Seattle,2014-07-09 00:00:00,399950.0,2.75,1970,5400,1.0,0,0,3,1320,650,1986,0,1770 19th Ave S,WA 98144,USA
5.0,Sammamish,2014-07-09 00:00:00,989000.0,4.5,4030,13474,2.0,0,0,3,4030,0,2000,0,25758 SE 31st Pl,WA 98075,USA
5.0,Kent,2014-07-09 00:00:00,409124.0,3.25,3320,11340,2.0,0,0,4,2480,840,1999,0,14014 SE 236th Pl,WA 98042,USA
5.0,Renton,2014-07-09 00:00:00,287000.0,1.5,1730,9230,1.0,0,0,3,1010,720,1962,2003,1724 Edmonds Way SE,WA 98058,USA
5.0,Newcastle,2014-07-09 00:00:00,480000.0,2.75,2550,7725,1.0,0,0,5,1390,1160,1967,0,12570 SE 72nd St,WA 98056,USA
5.0,Renton,2014-07-09 00:00:00,450000.0,2.5,2850,209523,1.0,0,0,4,1930,920,1925,1968,23211 190th Ave SE,WA 98058,USA
5.0,Mercer Island,2014-07-09 00:00:00,1681000.0,5.25,4830,18707,2.0,0,1,5,3930,900,1952,1998,6702 SE 28th St,WA 98040,USA
5.0,Medina,2014-07-09 00:00:00,2680000.0,3.0,4290,20445,2.0,0,0,4,4290,0,1985,0,1209 Evergreen Point Rd,WA 98039,USA
5.0,Mercer Island,2014-07-09 00:00:00,2321000.0,4.75,5780,17004,2.0,0,0,3,4260,1520,2006,0,9403 SE 33rd St,WA 98040,USA
5.0,Bellevue,2014-07-09 00:00:00,1240000.0,3.5,5430,10327,2.0,0,2,3,4010,1420,2007,0,6151 168th Pl SE,WA 98006,USA
5.0,Fall City,2014-07-10 00:00:00,1550000.0,4.25,6070,171626,2.0,0,0,3,6070,0,1999,0,29433 SE 15th Pl,WA 98024,USA
5.0,Bellevue,2014-07-10 00:00:00,850000.0,2.0,2310,13430,1.5,0,0,4,2310,0,1966,0,3200 102nd Ave NE,WA 98004,USA
5.0,Seattle,2014-06-20 00:00:00,1234582.0,3.25,3240,6551,1.5,0,4,4,2500,740,1939,1989,6851 51st Ave NE,WA 98115,USA
5.0,Issaquah,2014-05-06 00:00:00,0.0,3.5,3480,36615,2.0,0,0,4,2490,990,1983,0,21809 SE 38th Pl,WA 98075,USA
5.0,Burien,2014-05-07 00:00:00,0.0,1.5,1500,7112,1.0,0,0,5,760,740,1920,0,14901-14999 12th Ave SW,WA 98166,USA
5.0,Snoqualmie,2014-05-12 00:00:00,0.0,4.5,4630,6324,2.0,0,0,3,3210,1420,2006,0,6925 Oakmont Ave SE,WA 98065,USA
5.0,Bellevue,2014-05-13 00:00:00,0.0,4.0,4430,9000,2.0,0,0,3,4430,0,2013,1923,9235 NE 5th St,WA 98004,USA
5.0,Lake Forest Park,2014-05-16 00:00:00,0.0,3.25,3690,12353,2.0,0,0,5,3690,0,1977,0,19055 35th Ave NE,WA 98155,USA
5.0,Seattle,2014-05-19 00:00:00,195000.0,3.75,5340,10655,2.5,0,3,4,3740,1600,1912,1989,2601-2649 Shoreland Dr S,WA 98144,USA
5.0,Covington,2014-05-21 00:00:00,0.0,2.25,2880,11965,2.0,0,0,4,2880,0,1990,0,25437 163rd Pl SE,WA 98042,USA
5.0,SeaTac,2014-05-22 00:00:00,0.0,2.25,2000,7900,1.0,0,0,4,1300,700,1986,0,3202 S 194th St,WA 98188,USA
5.0,Bellevue,2014-05-29 00:00:00,452500.0,3.5,5960,13703,2.0,0,2,3,4770,1190,1984,0,510 175th Pl NE,WA 98008,USA
5.0,Sammamish,2014-06-02 00:00:00,542804.75,2.75,2910,36250,1.0,0,0,3,1590,1320,1977,2004,19720 SE 21st St,WA 98075,USA
5.0,Bellevue,2014-06-03 00:00:00,667781.25,2.75,3040,10257,2.0,0,0,3,3040,0,1993,0,5627 167th Pl SE,WA 98006,USA
5.0,Seattle,2014-06-03 00:00:00,0.0,2.75,2740,5616,1.5,0,0,5,1670,1070,1925,0,1013 NE 80th St,WA 98115,USA
5.0,Maple Valley,2014-06-03 00:00:00,0.0,2.5,2090,4698,2.0,0,0,3,2090,0,1998,2006,27622 237th Pl SE,WA 98038,USA
5.0,Renton,2014-06-03 00:00:00,341166.666667,2.75,2670,3800,2.0,0,0,3,2670,0,2014,0,16301 SE 139th Ct,WA 98059,USA
5.0,Woodinville,2014-06-11 00:00:00,0.0,2.75,2910,53898,1.0,0,0,5,1510,1400,1979,0,13505 208th Ave NE,WA 98077,USA
5.0,Seattle,2014-06-11 00:00:00,0.0,2.0,1910,7200,1.0,0,0,4,1110,800,1951,1999,11620-11698 57th Ave S,WA 98178,USA
5.0,Renton,2014-06-11 00:00:00,0.0,2.75,3240,6863,2.0,0,0,3,3240,0,2013,1923,1301-1303 Monterey Ave NE,WA 98056,USA
5.0,Sammamish,2014-06-12 00:00:00,437500.0,3.5,3690,11928,2.0,0,0,3,2540,1150,2006,0,114 210th Ave NE,WA 98074,USA
5.0,Sammamish,2014-06-17 00:00:00,0.0,3.75,3870,8225,2.0,0,0,3,3870,0,1998,2006,101-127 247th Ave SE,WA 98074,USA
5.0,Mercer Island,2014-06-19 00:00:00,950833.333333,3.0,3330,19126,2.0,0,0,4,2610,720,1977,0,6100 93rd Ave SE,WA 98040,USA
5.0,Renton,2014-06-23 00:00:00,288500.0,2.5,3390,9760,1.0,0,0,5,1750,1640,1978,0,15224 SE 175th Pl,WA 98058,USA
5.0,Mercer Island,2014-06-24 00:00:00,542500.0,2.75,3831,13800,2.0,1,4,3,3831,0,1959,1980,6208 SE 22nd St,WA 98040,USA
5.0,Kirkland,2014-06-25 00:00:00,375000.0,3.25,3370,7947,2.0,0,0,3,3370,0,2001,0,1826 4th St,WA 98033,USA
5.0,Snoqualmie,2014-06-25 00:00:00,0.0,3.5,2640,6895,2.0,0,0,3,2640,0,2001,0,34529 SE Jay Ct,WA 98065,USA
5.0,Mercer Island,2014-06-30 00:00:00,542500.0,2.75,2520,16100,1.0,0,3,4,1570,950,1960,2001,8336 Avalon Dr,WA 98040,USA
5.0,Bellevue,2014-07-02 00:00:00,0.0,6.25,8020,21738,2.0,0,0,3,8020,0,2001,0,2 Crescent Key,WA 98006,USA
6.0,Seattle,2014-05-05 00:00:00,823000.0,1.75,2920,5000,2.5,0,0,4,2780,140,1908,0,125 29th Ave,WA 98122,USA
6.0,Kenmore,2014-05-06 00:00:00,475000.0,3.0,3470,117612,1.5,0,0,3,3470,0,1924,2011,19007 80th Ave NE,WA 98028,USA
6.0,Seattle,2014-05-07 00:00:00,1500000.0,2.5,3560,6480,2.5,0,0,4,3560,0,1914,1945,903 22nd Ave E,WA 98112,USA
6.0,Seattle,2014-05-08 00:00:00,1750000.0,3.0,3510,5760,2.5,0,0,4,3510,0,1906,1990,806 15th Ave E,WA 98112,USA
6.0,Burien,2014-05-08 00:00:00,543200.0,2.25,2820,15600,1.5,0,2,5,1970,850,1940,0,15451 22nd Ave SW,WA 98166,USA
6.0,Seattle,2014-05-13 00:00:00,799200.0,3.0,2890,2370,2.5,0,0,3,2290,600,1906,2014,420 Boylston Ave E,WA 98102,USA
6.0,Seattle,2014-05-20 00:00:00,755000.0,2.0,2150,4505,1.0,0,0,3,1270,880,1952,2008,3429 9th Ave W,WA 98119,USA
6.0,Renton,2014-05-20 00:00:00,326000.0,3.0,1880,7200,1.0,0,0,4,1880,0,1966,0,1178 Camas Ave NE,WA 98056,USA
6.0,Seattle,2014-05-20 00:00:00,1125000.0,3.0,2880,3192,2.0,0,0,4,2180,700,1919,1985,2212 N 36th St,WA 98103,USA
6.0,Auburn,2014-05-20 00:00:00,300000.0,5.25,2860,5682,2.0,0,0,3,2860,0,1978,0,606 5th St SE,WA 98002,USA
6.0,Auburn,2014-05-21 00:00:00,260000.0,2.0,2220,8797,1.0,0,0,3,2220,0,1977,2004,142 11th St SE,WA 98002,USA
6.0,Renton,2014-05-22 00:00:00,300000.0,2.0,2040,10812,1.0,0,0,4,2040,0,1943,0,555 Index Ave NE,WA 98056,USA
6.0,Issaquah,2014-05-22 00:00:00,1150000.0,4.5,6040,219542,2.0,0,0,3,4100,1940,1996,0,4616 252nd Ave SE,WA 98029,USA
6.0,Mercer Island,2014-05-28 00:00:00,900000.0,2.75,2300,24773,1.5,0,0,4,2300,0,1950,1985,2940 72nd Ave SE,WA 98040,USA
6.0,Federal Way,2014-05-28 00:00:00,465000.0,3.25,4250,23326,1.0,0,3,3,2150,2100,1967,2011,29211 7th Pl S,WA 98003,USA
6.0,Sammamish,2014-05-28 00:00:00,968000.0,2.75,3610,17580,1.0,0,4,5,2070,1540,1959,0,20303 SE 40th St,WA 98075,USA
6.0,Federal Way,2014-05-29 00:00:00,472000.0,2.5,4410,14034,1.0,0,2,4,2350,2060,1965,0,806 S 295th Pl,WA 98003,USA
6.0,Mercer Island,2014-05-29 00:00:00,3100000.0,4.25,6980,15682,3.0,0,4,4,5330,1650,1999,0,5243 Forest Ave SE,WA 98040,USA
6.0,Bellevue,2014-05-30 00:00:00,1385000.0,2.75,5700,20000,1.0,0,4,4,2850,2850,1977,0,4600-4748 136th Ave SE,WA 98006,USA
6.0,Federal Way,2014-06-03 00:00:00,375900.0,1.5,2550,33740,1.0,0,0,4,1750,800,1958,1972,31207 22nd Ave SW,WA 98023,USA
6.0,Redmond,2014-06-04 00:00:00,583000.0,2.75,2630,16411,1.0,0,0,4,1650,980,1974,0,2317-2399 185th Pl NE,WA 98052,USA
6.0,Shoreline,2014-06-04 00:00:00,2005000.0,4.5,3810,28176,1.0,0,4,5,3810,0,1969,0,18309 17th Pl NW,WA 98177,USA
6.0,Seattle,2014-06-05 00:00:00,1300000.0,4.5,3902,3880,3.0,0,4,4,2782,1120,1977,0,2306 Halleck Ave SW,WA 98116,USA
6.0,Issaquah,2014-06-07 00:00:00,611000.0,2.5,3820,53173,1.0,0,0,4,2040,1780,1974,0,820 Idylwood Dr SW,WA 98027,USA
6.0,Burien,2014-06-10 00:00:00,175000.0,1.5,1930,8400,1.0,0,0,3,1030,900,1971,0,416 SW 130th St,WA 98146,USA
6.0,Bellevue,2014-06-10 00:00:00,915000.0,3.75,2930,14980,2.0,0,3,3,2930,0,2013,1923,6478 167th Ln SE,WA 98006,USA
6.0,Renton,2014-06-11 00:00:00,495000.0,5.0,3440,4500,2.0,0,0,3,3280,160,2007,0,321 Hardie Ave NW,WA 98057,USA
6.0,Seattle,2014-06-11 00:00:00,665000.0,3.0,4250,4400,2.5,0,0,4,3020,1230,1902,0,3907 S Edmunds St,WA 98118,USA
6.0,Seattle,2014-06-13 00:00:00,1125000.0,3.75,3010,4360,2.0,0,0,3,2000,1010,2014,0,8016 Meridian Ave N,WA 98103,USA
6.0,Seattle,2014-06-16 00:00:00,660000.0,1.75,1840,2774,1.0,0,0,3,1060,780,1900,2005,220 17th Ave,WA 98122,USA
6.0,Seattle,2014-06-16 00:00:00,450000.0,2.25,3550,11780,1.0,0,0,4,2960,590,1948,0,12722 15th Ave NE,WA 98125,USA
6.0,Seattle,2014-06-17 00:00:00,675000.0,1.75,2740,6360,1.0,0,3,3,1370,1370,1953,0,10721 Marine View Dr SW,WA 98146,USA
6.0,Fall City,2014-06-18 00:00:00,1600000.0,5.0,6050,230652,2.0,0,3,3,6050,0,2001,0,29236 SE 5th St,WA 98024,USA
6.0,Seattle,2014-06-18 00:00:00,175000.0,1.0,1370,5080,1.5,0,0,3,1120,250,1931,0,8828 12th Ave SW,WA 98106,USA
6.0,Lake Forest Park,2014-06-19 00:00:00,410000.0,2.75,2520,9324,1.0,0,0,4,1320,1200,1962,0,3306 NE 185th St,WA 98155,USA
6.0,Seattle,2014-06-19 00:00:00,680000.0,2.0,1670,3000,1.0,0,0,5,900,770,1911,1984,4718 11th Ave NE,WA 98105,USA
6.0,Woodinville,2014-06-20 00:00:00,1135000.0,4.25,6900,244716,2.0,0,0,4,4820,2080,2002,0,16903 246th Ave NE,WA 98077,USA
6.0,Seattle,2014-06-20 00:00:00,2400000.0,4.5,5480,10800,2.0,0,3,4,4430,1050,1999,0,1223 7th Ave W,WA 98119,USA
6.0,Seattle,2014-06-20 00:00:00,725000.0,1.75,2380,4080,2.0,0,0,3,2380,0,1917,2009,4554 Latona Ave NE,WA 98105,USA
6.0,Federal Way,2014-06-23 00:00:00,235000.0,3.0,2180,7956,2.0,0,0,3,2180,0,1980,0,33015 22nd Pl S,WA 98003,USA
6.0,Bellevue,2014-06-23 00:00:00,603500.0,2.75,2660,8400,1.0,0,0,5,1550,1110,1962,0,12526 SE 61st St,WA 98006,USA
6.0,Bellevue,2014-06-23 00:00:00,502000.0,2.5,2890,8122,1.0,0,0,3,1630,1260,1977,2004,2413 171 Ave SE,WA 98008,USA
6.0,Seattle,2014-06-24 00:00:00,665000.0,2.75,2840,8346,1.0,0,0,5,1420,1420,1961,0,5407 S Lucile St,WA 98118,USA
6.0,Kent,2014-06-25 00:00:00,330000.0,2.25,3040,28535,1.0,0,0,3,1890,1150,1951,1994,614 Hazel Ave N,WA 98030,USA
6.0,Seattle,2014-06-25 00:00:00,305000.0,2.0,1900,8240,1.0,0,0,2,1200,700,1964,0,2825 NE 105th St,WA 98125,USA
6.0,Seattle,2014-06-26 00:00:00,725000.0,3.0,3110,5000,1.5,0,0,5,1810,1300,1921,0,812 N 47th St,WA 98103,USA
6.0,Snoqualmie,2014-06-26 00:00:00,620000.0,3.5,3600,6875,2.0,0,0,3,2740,860,2004,2003,6731 Silent Creek Ave SE,WA 98065,USA
6.0,Seattle,2014-06-27 00:00:00,315000.0,4.0,3120,4240,2.0,0,2,4,2090,1030,1993,0,7945 14th Ave SW,WA 98106,USA
6.0,Seattle,2014-07-01 00:00:00,1297000.0,2.75,2630,9420,2.0,0,0,5,2510,120,1900,0,5529 Wallingford Ave N,WA 98103,USA
6.0,Seattle,2014-07-03 00:00:00,975000.0,2.75,2520,54160,2.0,1,4,3,2520,0,1954,2005,3405 SW Seola Ln,WA 98146,USA
6.0,Issaquah,2014-07-07 00:00:00,670000.0,3.0,4050,36171,2.0,0,0,4,2620,1430,1970,0,14717 245th Ave SE,WA 98027,USA
6.0,Seattle,2014-07-07 00:00:00,527000.0,3.5,3000,8401,1.0,0,0,3,1500,1500,1979,2014,12750 27th Ave NE,WA 98125,USA
6.0,Seattle,2014-07-08 00:00:00,2180000.0,2.75,4710,11000,2.0,0,3,3,3690,1020,1931,0,4530 51st Ave NE,WA 98105,USA
6.0,Renton,2014-07-09 00:00:00,570000.0,3.75,4000,6015,2.0,0,2,3,3080,920,2004,2003,16638 SE 167th St,WA 98058,USA
6.0,Seattle,2014-07-09 00:00:00,1465000.0,4.5,4230,6420,2.0,0,3,4,2360,1870,1916,0,1206 9th Ave W,WA 98119,USA
6.0,Seattle,2014-07-10 00:00:00,775000.0,2.75,2980,5000,1.5,0,0,3,2480,500,1916,1986,5428 Kirkwood Pl N,WA 98103,USA
6.0,Seattle,2014-07-10 00:00:00,880000.0,2.5,2640,3680,2.0,0,0,5,1760,880,1922,1956,3008 38th Ave SW,WA 98126,USA
6.0,Kent,2014-05-08 00:00:00,375000.0,2.25,3206,5793,2.0,0,0,3,3206,0,2012,1912,25921-25929 35th Pl S,WA 98032,USA
6.0,Burien,2014-05-05 00:00:00,0.0,2.75,3200,9200,1.0,0,2,4,1600,1600,1953,1983,12271 Marine View Dr SW,WA 98146,USA
6.0,Mercer Island,2014-06-18 00:00:00,0.0,3.0,3020,13783,2.0,0,0,3,3020,0,1952,2002,4115 85th Ave SE,WA 98040,USA
6.0,Seattle,2014-07-02 00:00:00,1288333.33333,4.5,3830,4800,3.0,0,0,3,3050,780,1919,2004,2425 3rd Ave W,WA 98119,USA
